美丽小区  家具齐全  拎包入住 诚心出租#,东新城市花园  ,2100,https://xa.lianjia.com/zufang/101103072239.html,城东
御锦城七期九珑湾两室毛坯，诚心出租#,御锦城九珑湾  ,600,https://xa.lianjia.com/zufang/101103072372.html,浐灞
中登大厦 交通便利 ，适合办公。#,中登大厦B座  ,4000,https://xa.lianjia.com/zufang/101103073648.html,经开
荣华北经城南区 3室2厅 2300元#,荣华北经城南区  ,2300,https://xa.lianjia.com/zufang/101103074737.html,经开
高新区 丈八北路地铁口 伟业公馆 毛坯房#,伟业公馆  ,3100,https://xa.lianjia.com/zufang/101103074531.html,高新
次顶层大复式 三室三厅一厨两卫#,斯惟小区  ,4860,https://xa.lianjia.com/zufang/101103076535.html,经开
中海别墅区环境优美，景区围绕，出行便利，用途广泛#,中海铂宫  ,18000,https://xa.lianjia.com/zufang/101103077115.html,曲江
做生意位置佳 水岸1期1楼 南门口  显眼位置#,水岸东方1期  ,3200,https://xa.lianjia.com/zufang/101103076825.html,浐灞
大华曲江公园世家二期 2室2厅 1900元#,大华曲江公园世家二期  ,1900,https://xa.lianjia.com/zufang/101103035771.html,曲江
泽星雅龙湾 2室1厅 2800元#,泽星雅龙湾  ,2800,https://xa.lianjia.com/zufang/101103035535.html,城北
水岸东方二期、欢迎优美、业主诚意出租#,水岸东方2期  ,2000,https://xa.lianjia.com/zufang/101103034965.html,浐灞
两室全配，业主急租，价格可议 ，居家好房#,西旅逸都  ,1800,https://xa.lianjia.com/zufang/101103036345.html,城西
曲江观山悦 174.9平 4室 毛坯可做仓库。#,曲江观山悦  ,2000,https://xa.lianjia.com/zufang/101103039610.html,曲江
浐灞半岛A6家具家电全带精装修。#,浐灞半岛A6区  ,1900,https://xa.lianjia.com/zufang/101103043057.html,浐灞
中华世纪城毛坯房出租，可作办公。。#,中华世纪城  ,5000,https://xa.lianjia.com/zufang/101103043841.html,高新
曲江新区 曲江观唐 精装 三室 随时入住 价位可谈#,曲江观唐  ,3100,https://xa.lianjia.com/zufang/101103042674.html,曲江
紫薇田园都市 精装全配 大三居 南北通透 阳光天地#,紫薇田园都市A区  ,3000,https://xa.lianjia.com/zufang/101103045662.html,高新
高科麓湾优质房源出租，大面积，户型好。#,高科麓湾国际社区  ,1100,https://xa.lianjia.com/zufang/101103045516.html,浐灞
房为南北通透，超大空间，户型很好，#,逸翠园四期  ,10000,https://xa.lianjia.com/zufang/101103046143.html,高新
明光路，复式大房，可自住，可办公#,福安花园  ,6000,https://xa.lianjia.com/zufang/101103046101.html,城北
曲江会展国际 3室2厅 4000元#,曲江会展国际  ,4000,https://xa.lianjia.com/zufang/101103046683.html,曲江
紫薇田园都市，环境好，绿化面积大，交通方便#,紫薇田园都市A区  ,3500,https://xa.lianjia.com/zufang/101103046671.html,高新
公园天下精装修   南北通透  大两居#,公园天下  ,3800,https://xa.lianjia.com/zufang/101103047075.html,城西
通泰曲江左岸 65平毛坯办公房 地段好配套齐全商圈成熟#,通泰曲江左岸  ,8750,https://xa.lianjia.com/zufang/101103047424.html,曲江
高新区 唐延路 地铁口 中海华庭 随时看 拎包入住#,中海华庭  ,4500,https://xa.lianjia.com/zufang/101103063967.html,高新
两室精装，价格便宜石家街地铁口#,科达东御兰汀  ,1600,https://xa.lianjia.com/zufang/101103064071.html,浐灞
大华五期 两居室  毛坯  可做库房#,大华曲江公园世家五期  ,1000,https://xa.lianjia.com/zufang/101103063566.html,曲江
逸翠尚府南区+交通便利.......#,逸翠园三期逸翠尚府南区  ,6000,https://xa.lianjia.com/zufang/101103063690.html,高新
长乐小区 毛坯房 可长租 设施齐全 交通便利#,长乐小区  ,1800,https://xa.lianjia.com/zufang/101103065264.html,浐灞
华府御城 三居 117平米 业主着急出租#,华府御城  ,2400,https://xa.lianjia.com/zufang/101103065655.html,城西
美丽小区  家具齐全  拎包入住 诚心出租#,东新城市花园  ,2100,https://xa.lianjia.com/zufang/101103072239.html,城东
御锦城七期九珑湾两室毛坯，诚心出租#,御锦城九珑湾  ,600,https://xa.lianjia.com/zufang/101103072372.html,浐灞
中登大厦 交通便利 ，适合办公。#,中登大厦B座  ,4000,https://xa.lianjia.com/zufang/101103073648.html,经开
荣华北经城南区 3室2厅 2300元#,荣华北经城南区  ,2300,https://xa.lianjia.com/zufang/101103074737.html,经开
高新区 丈八北路地铁口 伟业公馆 毛坯房#,伟业公馆  ,3100,https://xa.lianjia.com/zufang/101103074531.html,高新
次顶层大复式 三室三厅一厨两卫#,斯惟小区  ,4860,https://xa.lianjia.com/zufang/101103076535.html,经开
中海别墅区环境优美，景区围绕，出行便利，用途广泛#,中海铂宫  ,18000,https://xa.lianjia.com/zufang/101103077115.html,曲江
做生意位置佳 水岸1期1楼 南门口  显眼位置#,水岸东方1期  ,3200,https://xa.lianjia.com/zufang/101103076825.html,浐灞
大华曲江公园世家二期 2室2厅 1900元#,大华曲江公园世家二期  ,1900,https://xa.lianjia.com/zufang/101103035771.html,曲江
泽星雅龙湾 2室1厅 2800元#,泽星雅龙湾  ,2800,https://xa.lianjia.com/zufang/101103035535.html,城北
水岸东方二期、欢迎优美、业主诚意出租#,水岸东方2期  ,2000,https://xa.lianjia.com/zufang/101103034965.html,浐灞
两室全配，业主急租，价格可议 ，居家好房#,西旅逸都  ,1800,https://xa.lianjia.com/zufang/101103036345.html,城西
曲江观山悦 174.9平 4室 毛坯可做仓库。#,曲江观山悦  ,2000,https://xa.lianjia.com/zufang/101103039610.html,曲江
浐灞半岛A6家具家电全带精装修。#,浐灞半岛A6区  ,1900,https://xa.lianjia.com/zufang/101103043057.html,浐灞
中华世纪城毛坯房出租，可作办公。。#,中华世纪城  ,5000,https://xa.lianjia.com/zufang/101103043841.html,高新
曲江新区 曲江观唐 精装 三室 随时入住 价位可谈#,曲江观唐  ,3100,https://xa.lianjia.com/zufang/101103042674.html,曲江
紫薇田园都市 精装全配 大三居 南北通透 阳光天地#,紫薇田园都市A区  ,3000,https://xa.lianjia.com/zufang/101103045662.html,高新
高科麓湾优质房源出租，大面积，户型好。#,高科麓湾国际社区  ,1100,https://xa.lianjia.com/zufang/101103045516.html,浐灞
房为南北通透，超大空间，户型很好，#,逸翠园四期  ,10000,https://xa.lianjia.com/zufang/101103046143.html,高新
明光路，复式大房，可自住，可办公#,福安花园  ,6000,https://xa.lianjia.com/zufang/101103046101.html,城北
曲江会展国际 3室2厅 4000元#,曲江会展国际  ,4000,https://xa.lianjia.com/zufang/101103046683.html,曲江
紫薇田园都市，环境好，绿化面积大，交通方便#,紫薇田园都市A区  ,3500,https://xa.lianjia.com/zufang/101103046671.html,高新
公园天下精装修   南北通透  大两居#,公园天下  ,3800,https://xa.lianjia.com/zufang/101103047075.html,城西
通泰曲江左岸 65平毛坯办公房 地段好配套齐全商圈成熟#,通泰曲江左岸  ,8750,https://xa.lianjia.com/zufang/101103047424.html,曲江
高新区 唐延路 地铁口 中海华庭 随时看 拎包入住#,中海华庭  ,4500,https://xa.lianjia.com/zufang/101103063967.html,高新
两室精装，价格便宜石家街地铁口#,科达东御兰汀  ,1600,https://xa.lianjia.com/zufang/101103064071.html,浐灞
大华五期 两居室  毛坯  可做库房#,大华曲江公园世家五期  ,1000,https://xa.lianjia.com/zufang/101103063566.html,曲江
逸翠尚府南区+交通便利.......#,逸翠园三期逸翠尚府南区  ,6000,https://xa.lianjia.com/zufang/101103063690.html,高新
长乐小区 毛坯房 可长租 设施齐全 交通便利#,长乐小区  ,1800,https://xa.lianjia.com/zufang/101103065264.html,浐灞
华府御城 三居 117平米 业主着急出租#,华府御城  ,2400,https://xa.lianjia.com/zufang/101103065655.html,城西
